{
  "best_val_acc": 0.7073034752126388,
  "epochs_done": 98,
  "total_time_s": 986.912873506546
}